<application>
  <component name="GeneralSettings">
    <option name="confirmExit" value="false" />
    <option name="processCloseConfirmation" value="TERMINATE" />
    <option name="showTipsOnStartup" value="false" />
    <option name="supportScreenReaders" value="true" />
  </component>
  <component name="Registry">
    <entry key="ide.suppress.double.click.handler" value="true" />
  </component>
  <component name="StatusBar">
    <option name="widgets">
      <map>
        <entry key="Memory" value="true" />
      </map>
    </option>
  </component>
</application>