<application>
  <component name="ProjectJdkTable">
    <jdk version="2">
      <name value="Python 3.7" />
      <type value="Python SDK" />
      <version value="Python 3.7.8" />
      <homePath value="D:\python3.78\python.exe" />
      <roots>
        <classPath>
          <root type="composite">
            <root url="file://D:/python3.78/DLLs" type="simple" />
            <root url="file://D:/python3.78/Lib" type="simple" />
            <root url="file://D:/python3.78" type="simple" />
            <root url="file://$USER_HOME$/AppData/Roaming/Python/Python37/site-packages" type="simple" />
            <root url="file://D:/python3.78/Lib/site-packages" type="simple" />
            <root url="file://D:/python3.78/Lib/site-packages/win32" type="simple" />
            <root url="file://D:/python3.78/Lib/site-packages/win32/lib" type="simple" />
            <root url="file://D:/python3.78/Lib/site-packages/pythonwin" type="simple" />
            <root url="file://$USER_HOME$/AppData/Local/JetBrains/PyCharm2020.2/python_stubs/1788021310" type="simple" />
            <root url="file://$APPLICATION_HOME_DIR$/plugins/python/helpers/python-skeletons" type="simple" />
            <root url="file://$APPLICATION_HOME_DIR$/plugins/python/helpers/typeshed/stdlib/3.7" type="simple" />
            <root url="file://$APPLICATION_HOME_DIR$/plugins/python/helpers/typeshed/stdlib/3" type="simple" />
            <root url="file://$APPLICATION_HOME_DIR$/plugins/python/helpers/typeshed/stdlib/2and3" type="simple" />
            <root url="file://$APPLICATION_HOME_DIR$/plugins/python/helpers/typeshed/third_party/3" type="simple" />
            <root url="file://$APPLICATION_HOME_DIR$/plugins/python/helpers/typeshed/third_party/2and3" type="simple" />
          </root>
        </classPath>
        <sourcePath>
          <root type="composite" />
        </sourcePath>
      </roots>
      <additional />
    </jdk>
    <jdk version="2">
      <name value="Python 3.5" />
      <type value="Python SDK" />
      <version value="Python 3.5.4" />
      <homePath value="D:\Python35\python35.exe" />
      <roots>
        <classPath>
          <root type="composite">
            <root url="file://D:/Python35/DLLs" type="simple" />
            <root url="file://D:/Python35/Lib" type="simple" />
            <root url="file://D:/Python35" type="simple" />
            <root url="file://D:/Python35/Lib/site-packages" type="simple" />
            <root url="file://$USER_HOME$/AppData/Local/JetBrains/PyCharm2020.2/python_stubs/242772378" type="simple" />
            <root url="file://$APPLICATION_HOME_DIR$/plugins/python/helpers/python-skeletons" type="simple" />
            <root url="file://$APPLICATION_HOME_DIR$/plugins/python/helpers/typeshed/stdlib/3" type="simple" />
            <root url="file://$APPLICATION_HOME_DIR$/plugins/python/helpers/typeshed/stdlib/2and3" type="simple" />
            <root url="file://$APPLICATION_HOME_DIR$/plugins/python/helpers/typeshed/third_party/3" type="simple" />
            <root url="file://$APPLICATION_HOME_DIR$/plugins/python/helpers/typeshed/third_party/2and3" type="simple" />
          </root>
        </classPath>
        <sourcePath>
          <root type="composite" />
        </sourcePath>
      </roots>
      <additional />
    </jdk>
    <jdk version="2">
      <name value="3.5 @ ubuntu1804-litian" />
      <type value="Python SDK" />
      <version value="Python 3.5.4" />
      <homePath value="wsl://ubuntu1804-litian/home/litian/.pyenv/versions/3.5.4/bin/python" />
      <roots>
        <classPath>
          <root type="composite">
            <root url="file://$USER_HOME$/AppData/Local/JetBrains/PyCharm2020.2/remote_sources/-1028281459/607412507" type="simple" />
            <root url="file://$USER_HOME$/AppData/Local/JetBrains/PyCharm2020.2/remote_sources/-1028281459/2101400138" type="simple" />
            <root url="file://$USER_HOME$/AppData/Local/JetBrains/PyCharm2020.2/remote_sources/-1028281459/812585663" type="simple" />
            <root url="file://$USER_HOME$/AppData/Local/JetBrains/PyCharm2020.2/python_stubs/-1028281459" type="simple" />
            <root url="file://$APPLICATION_HOME_DIR$/plugins/python/helpers/python-skeletons" type="simple" />
            <root url="file://$APPLICATION_HOME_DIR$/plugins/python/helpers/typeshed/stdlib/3" type="simple" />
            <root url="file://$APPLICATION_HOME_DIR$/plugins/python/helpers/typeshed/stdlib/2and3" type="simple" />
            <root url="file://$APPLICATION_HOME_DIR$/plugins/python/helpers/typeshed/third_party/3" type="simple" />
            <root url="file://$APPLICATION_HOME_DIR$/plugins/python/helpers/typeshed/third_party/2and3" type="simple" />
          </root>
        </classPath>
        <sourcePath>
          <root type="composite" />
        </sourcePath>
      </roots>
      <additional INTERPRETER_PATH="/home/litian/.pyenv/versions/3.5.4/bin/python" HELPERS_PATH="/mnt/d/PyCharm 2020.2/plugins/python/helpers" INITIALIZED="false" VALID="true" RUN_AS_ROOT_VIA_SUDO="false" SKELETONS_PATH="" VERSION="" DISTRIBUTION_ID="ubuntu1804-litian">
        <PathMappingSettings>
          <option name="pathMappings">
            <list>
              <mapping local-root="$USER_HOME$/AppData/Local/JetBrains/PyCharm2020.2/remote_sources/-1028281459/607412507" remote-root="/home/litian/.pyenv/versions/3.5.4/lib/python3.5" />
              <mapping local-root="$USER_HOME$/AppData/Local/JetBrains/PyCharm2020.2/remote_sources/-1028281459/2101400138" remote-root="/home/litian/.pyenv/versions/3.5.4/lib/python3.5/plat-linux" />
              <mapping local-root="$USER_HOME$/AppData/Local/JetBrains/PyCharm2020.2/remote_sources/-1028281459/812585663" remote-root="/home/litian/.pyenv/versions/3.5.4/lib/python3.5/site-packages" />
            </list>
          </option>
        </PathMappingSettings>
      </additional>
    </jdk>
    <jdk version="2">
      <name value="3.7 @ ubuntu1804-litian" />
      <type value="Python SDK" />
      <version value="Python 3.7.8" />
      <homePath value="wsl://ubuntu1804-litian/home/litian/.pyenv/versions/3.7.8/bin/python" />
      <roots>
        <classPath>
          <root type="composite">
            <root url="file://$USER_HOME$/AppData/Local/JetBrains/PyCharm2020.2/remote_sources/-1523067833/754304547" type="simple" />
            <root url="file://$USER_HOME$/AppData/Local/JetBrains/PyCharm2020.2/remote_sources/-1523067833/-1288238649" type="simple" />
            <root url="file://$USER_HOME$/AppData/Local/JetBrains/PyCharm2020.2/python_stubs/-1523067833" type="simple" />
            <root url="file://$APPLICATION_HOME_DIR$/plugins/python/helpers/python-skeletons" type="simple" />
            <root url="file://$APPLICATION_HOME_DIR$/plugins/python/helpers/typeshed/stdlib/3.7" type="simple" />
            <root url="file://$APPLICATION_HOME_DIR$/plugins/python/helpers/typeshed/stdlib/3" type="simple" />
            <root url="file://$APPLICATION_HOME_DIR$/plugins/python/helpers/typeshed/stdlib/2and3" type="simple" />
            <root url="file://$APPLICATION_HOME_DIR$/plugins/python/helpers/typeshed/third_party/3" type="simple" />
            <root url="file://$APPLICATION_HOME_DIR$/plugins/python/helpers/typeshed/third_party/2and3" type="simple" />
          </root>
        </classPath>
        <sourcePath>
          <root type="composite" />
        </sourcePath>
      </roots>
      <additional INTERPRETER_PATH="/home/litian/.pyenv/versions/3.7.8/bin/python" HELPERS_PATH="/mnt/d/PyCharm 2020.2/plugins/python/helpers" INITIALIZED="false" VALID="true" RUN_AS_ROOT_VIA_SUDO="false" SKELETONS_PATH="" VERSION="" DISTRIBUTION_ID="ubuntu1804-litian">
        <PathMappingSettings>
          <option name="pathMappings">
            <list>
              <mapping local-root="$USER_HOME$/AppData/Local/JetBrains/PyCharm2020.2/remote_sources/-1523067833/754304547" remote-root="/home/litian/.pyenv/versions/3.7.8/lib/python3.7" />
              <mapping local-root="$USER_HOME$/AppData/Local/JetBrains/PyCharm2020.2/remote_sources/-1523067833/-1288238649" remote-root="/home/litian/.pyenv/versions/3.7.8/lib/python3.7/site-packages" />
            </list>
          </option>
        </PathMappingSettings>
      </additional>
    </jdk>
    <jdk version="2">
      <name value="Python 3.7 virtualenv at E:\1-Work\4-工程\myvenv\FxxkOnmyoji" />
      <type value="Python SDK" />
      <version value="Python 3.7.8" />
      <homePath value="E:\1-Work\4-工程\myvenv\FxxkOnmyoji\Scripts\python.exe" />
      <roots>
        <classPath>
          <root type="composite">
            <root url="file://D:/python3.78/DLLs" type="simple" />
            <root url="file://D:/python3.78/Lib" type="simple" />
            <root url="file://D:/python3.78" type="simple" />
            <root url="file://$USER_HOME$/AppData/Local/JetBrains/PyCharm2020.2/python_stubs/7104316" type="simple" />
            <root url="file://$APPLICATION_HOME_DIR$/plugins/python/helpers/python-skeletons" type="simple" />
            <root url="file://$APPLICATION_HOME_DIR$/plugins/python/helpers/typeshed/stdlib/3.7" type="simple" />
            <root url="file://$APPLICATION_HOME_DIR$/plugins/python/helpers/typeshed/stdlib/3" type="simple" />
            <root url="file://$APPLICATION_HOME_DIR$/plugins/python/helpers/typeshed/stdlib/2and3" type="simple" />
            <root url="file://$APPLICATION_HOME_DIR$/plugins/python/helpers/typeshed/third_party/3" type="simple" />
            <root url="file://$APPLICATION_HOME_DIR$/plugins/python/helpers/typeshed/third_party/2and3" type="simple" />
          </root>
        </classPath>
        <sourcePath>
          <root type="composite" />
        </sourcePath>
      </roots>
      <additional />
    </jdk>
  </component>
</application>