<keymap version="1" name="Default copy" parent="$default">
  <action id="$Redo">
    <keyboard-shortcut first-keystroke="shift ctrl z" />
    <keyboard-shortcut first-keystroke="ctrl y" />
  </action>
  <action id="ActivateDebugToolWindow" />
  <action id="ActivateProjectToolWindow">
    <keyboard-shortcut first-keystroke="alt 1" />
    <keyboard-shortcut first-keystroke="ctrl b" />
  </action>
  <action id="ActivatePythonConsoleToolWindow">
    <keyboard-shortcut first-keystroke="alt 3" />
  </action>
  <action id="ActivateTerminalToolWindow">
    <keyboard-shortcut first-keystroke="ctrl back_quote" />
  </action>
  <action id="Arrangement.Rule.Match.Condition.Move.Down" />
  <action id="Arrangement.Rule.Match.Condition.Move.Up" />
  <action id="Back">
    <keyboard-shortcut first-keystroke="ctrl alt left" />
  </action>
  <action id="ChangesView.Diff" />
  <action id="CloseContent">
    <keyboard-shortcut first-keystroke="ctrl f4" />
    <keyboard-shortcut first-keystroke="ctrl w" />
  </action>
  <action id="CompareTwoFiles" />
  <action id="Console.History.Browse" />
  <action id="Console.TableResult.CloneRow" />
  <action id="Console.TableResult.CompareCells" />
  <action id="Console.TableResult.FindInGrid">
    <keyboard-shortcut first-keystroke="alt f3" />
  </action>
  <action id="Console.TableResult.NextPage" />
  <action id="DatabaseView.CopyAction" />
  <action id="Diff.NextChange" />
  <action id="Diff.PrevChange" />
  <action id="Diff.ShowDiff" />
  <action id="Diff.ShowSettingsPopup" />
  <action id="Django.RunManageTaskAction" />
  <action id="EditBookmark">
    <keyboard-shortcut first-keystroke="shift ctrl alt f11" />
  </action>
  <action id="Editor Redo">
    <keyboard-shortcut first-keystroke="ctrl y" />
  </action>
  <action id="EditorDeleteLine">
    <keyboard-shortcut first-keystroke="ctrl d" />
  </action>
  <action id="EditorDuplicate">
    <keyboard-shortcut first-keystroke="shift ctrl alt down" />
  </action>
  <action id="EditorDuplicateLines">
    <keyboard-shortcut first-keystroke="ctrl alt down" />
  </action>
  <action id="EditorLineEnd">
    <keyboard-shortcut first-keystroke="end" />
    <keyboard-shortcut first-keystroke="ctrl e" />
  </action>
  <action id="EditorLineStart">
    <keyboard-shortcut first-keystroke="home" />
    <keyboard-shortcut first-keystroke="ctrl q" />
  </action>
  <action id="EditorMoveToPageBottom" />
  <action id="EditorMoveToPageTop" />
  <action id="EditorNextWord" />
  <action id="EditorPreviousWord" />
  <action id="EditorSelectLine">
    <keyboard-shortcut first-keystroke="ctrl l" />
  </action>
  <action id="EditorSelectWord" />
  <action id="EditorToggleUseSoftWraps">
    <keyboard-shortcut first-keystroke="alt z" />
  </action>
  <action id="ExpressionTypeInfo" />
  <action id="ExternalSystem.ProjectRefreshAction" />
  <action id="FileChooser.GotoDesktop" />
  <action id="FileChooser.NewFolder">
    <keyboard-shortcut first-keystroke="alt insert" />
  </action>
  <action id="FindNext">
    <keyboard-shortcut first-keystroke="f3" />
  </action>
  <action id="Forward">
    <keyboard-shortcut first-keystroke="ctrl alt right" />
  </action>
  <action id="GotoChangedFile" />
  <action id="GotoClass" />
  <action id="GotoDeclaration">
    <mouse-shortcut keystroke="control button1" />
    <mouse-shortcut keystroke="button2" />
  </action>
  <action id="GotoNextBookmark">
    <keyboard-shortcut first-keystroke="ctrl alt f11" />
  </action>
  <action id="GotoPreviousBookmark">
    <keyboard-shortcut first-keystroke="shift alt f11" />
  </action>
  <action id="Jdbc.OpenEditor.DDL">
    <mouse-shortcut keystroke="control button1" />
    <mouse-shortcut keystroke="button2" />
  </action>
  <action id="MethodDown" />
  <action id="MethodUp" />
  <action id="MoveLineDown">
    <keyboard-shortcut first-keystroke="alt down" />
  </action>
  <action id="MoveLineUp">
    <keyboard-shortcut first-keystroke="alt up" />
  </action>
  <action id="NewPythonFile">
    <keyboard-shortcut first-keystroke="ctrl n" />
  </action>
  <action id="NextOccurence" />
  <action id="NextTab">
    <mouse-shortcut keystroke="button5" />
    <keyboard-shortcut first-keystroke="alt right" />
  </action>
  <action id="PerforceDirect.Edit" />
  <action id="PreviousTab">
    <mouse-shortcut keystroke="button4" />
    <keyboard-shortcut first-keystroke="alt left" />
  </action>
  <action id="QuickChangeScheme" />
  <action id="QuickJavaDoc">
    <mouse-shortcut keystroke="alt button2" />
    <keyboard-shortcut first-keystroke="shift ctrl o" />
  </action>
  <action id="QuickTypeDefinition">
    <keyboard-shortcut first-keystroke="shift ctrl p" />
  </action>
  <action id="RecentFiles" />
  <action id="RenameElement">
    <keyboard-shortcut first-keystroke="shift f6" />
    <keyboard-shortcut first-keystroke="shift alt r" />
  </action>
  <action id="Replace">
    <keyboard-shortcut first-keystroke="ctrl h" />
  </action>
  <action id="RerunTests" />
  <action id="Run">
    <keyboard-shortcut first-keystroke="shift f10" />
    <keyboard-shortcut first-keystroke="shift alt x" />
  </action>
  <action id="RunClass">
    <keyboard-shortcut first-keystroke="shift ctrl f10" />
    <keyboard-shortcut first-keystroke="ctrl alt r" />
  </action>
  <action id="RunDashboard.CopyConfiguration" />
  <action id="ScrollPane-scrollLeft">
    <keyboard-shortcut first-keystroke="ctrl alt q" />
  </action>
  <action id="ScrollPane-scrollRight">
    <keyboard-shortcut first-keystroke="ctrl alt e" />
  </action>
  <action id="SendEOF" />
  <action id="ShowContent" />
  <action id="ShowSearchHistory" />
  <action id="ShowSettings">
    <keyboard-shortcut first-keystroke="ctrl alt s" />
    <keyboard-shortcut first-keystroke="shift ctrl s" />
  </action>
  <action id="SplitHorizontally">
    <keyboard-shortcut first-keystroke="ctrl t" />
  </action>
  <action id="SplitVertically">
    <keyboard-shortcut first-keystroke="ctrl r" />
  </action>
  <action id="SwitcherIterateItems" />
  <action id="SwitcherRecentEditedChangedToggleCheckBox" />
  <action id="ToggleBookmark">
    <keyboard-shortcut first-keystroke="shift ctrl f11" />
  </action>
  <action id="ToggleFullScreen">
    <keyboard-shortcut first-keystroke="f11" />
  </action>
  <action id="TypeHierarchy" />
  <action id="TypeHierarchyBase.BaseOnThisType" />
  <action id="Uml.ShowDiff" />
  <action id="Vcs.Log.FocusTextFilter" />
  <action id="Vcs.Log.GoToRef">
    <keyboard-shortcut first-keystroke="alt f3" />
  </action>
  <action id="Vcs.ShowMessageHistory">
    <keyboard-shortcut first-keystroke="ctrl m" />
  </action>
  <action id="Vcs.UpdateProject" />
  <action id="VcsShowNextChangeMarker" />
  <action id="XDebugger.CopyWatch" />
  <action id="context.clear" />
  <action id="openAssertEqualsDiff" />
</keymap>