<application>
  <component name="FeatureSuggesterSettings">
    <option name="workingDays">
      <list>
        <option value="1718929073134" />
        <option value="1719194880833" />
        <option value="1719287703389" />
        <option value="1719369406553" />
        <option value="1719448278885" />
        <option value="1719538567156" />
        <option value="1719623381413" />
        <option value="1719802460573" />
        <option value="1720420967063" />
        <option value="1720492344914" />
        <option value="1721009443296" />
        <option value="1721111273657" />
        <option value="1721801679189" />
        <option value="1721867521791" />
        <option value="1721958119912" />
        <option value="1722218647292" />
        <option value="1723118245268" />
        <option value="1723165137553" />
        <option value="1723258573139" />
        <option value="1723799423562" />
        <option value="1723875704612" />
        <option value="1724040105504" />
        <option value="1724120772919" />
        <option value="1724749377152" />
        <option value="1724810448423" />
        <option value="1724889430321" />
        <option value="1725966343500" />
        <option value="1726218787075" />
        <option value="1726742464430" />
        <option value="1727051552767" />
      </list>
    </option>
  </component>
</application>