<application>
  <component name="FeatureSuggesterSettings">
    <option name="workingDays">
      <list>
        <option value="1682640285990" />
        <option value="1683163660303" />
        <option value="1683246649248" />
        <option value="1683354720467" />
        <option value="1683505825660" />
        <option value="1683596971369" />
        <option value="1684112385470" />
        <option value="1684195431015" />
        <option value="1684281413088" />
        <option value="1684371187489" />
        <option value="1684457804240" />
        <option value="1684733495869" />
        <option value="1684802971990" />
        <option value="1685002428919" />
        <option value="1685063953245" />
        <option value="1685325727200" />
        <option value="1685412217006" />
        <option value="1685493256098" />
        <option value="1685579517584" />
        <option value="1686014400882" />
        <option value="1686102787248" />
        <option value="1686369255130" />
        <option value="1710468883187" />
        <option value="1710570916167" />
        <option value="1710896021984" />
        <option value="1711099817231" />
        <option value="1711325020350" />
        <option value="1711596173769" />
        <option value="1711955933920" />
        <option value="1712018951548" />
      </list>
    </option>
  </component>
</application>