<application>
  <component name="FileTypeManager" version="18">
    <ignoreFiles list="*$py.class;*.pyc;*.pyo;*.rbc;*.yarb;*~;.DS_Store;.git;.hg;.svn;CVS;__pycache__;_svn;vssver.scc;vssver2.scc" />
    <extensionMap>
      <mapping pattern=".ideavimrc" type="PLAIN_TEXT" />
      <mapping pattern="init_print" type="PLAIN_TEXT" />
      <mapping pattern="password" type="PLAIN_TEXT" />
      <mapping pattern="test_path" type="PLAIN_TEXT" />
      <mapping pattern="my_cookie" type="PLAIN_TEXT" />
      <mapping pattern="delete_path" type="PLAIN_TEXT" />
      <mapping pattern="alipay_rsa2_public_key.txt" type="PLAIN_TEXT" />
      <mapping pattern="my_json" type="PLAIN_TEXT" />
      <mapping ext="md" type="PLAIN_TEXT" />
      <removed_mapping ext="bat" approved="true" type="PLAIN_TEXT" />
      <removed_mapping ext="cmd" approved="true" type="PLAIN_TEXT" />
      <removed_mapping ext="dockerfile" approved="true" type="textmate" />
      <removed_mapping ext="html" approved="true" type="AUTO_DETECTED" />
      <removed_mapping ext="ignore" approved="true" type="IgnoreLang file" />
      <removed_mapping ext="log" approved="true" type="PLAIN_TEXT" />
      <removed_mapping ext="makefile" approved="true" type="textmate" />
      <removed_mapping ext="md" approved="true" type="Markdown" />
      <removed_mapping ext="snakefile" approved="true" type="textmate" />
    </extensionMap>
  </component>
</application>